792333,Chase Rowe,(142) 967-4652
260392,Jerry Kelly,(408) 740-6758
635785,Allen Barr,(508) 230-4172
618020,Colt Slater,(158) 851-6999
160363,Jack Holland,(672) 211-5515
199866,Zelenia Fulton,(727) 560-1289
385329,Yuli Neal,(456) 785-4214
554295,Hermione Watson,(328) 625-5581
213072,Galvin Bond,(912) 478-8426
659127,Maxwell Ellis,(449) 696-6862
271334,Len Higgins,(324) 918-1569
811830,Faith Osborne,(850) 962-9805
280569,Kai Brennan,(677) 198-7790
705998,Vance Hendricks,(679) 224-3127
520442,Hayes Anthony,(592) 279-9927
449573,Connor Romero,(842) 456-5726
800472,Lael French,(610) 657-7840
221644,Elton Waters,(234) 773-6613
674426,Asher Riddle,(597) 570-2904
221881,Felix Carver,(868) 502-2168
745613,Germaine Nguyen,(648) 651-0071
611248,Quentin Hampton,(956) 411-0846
758657,Haley Witt,(530) 962-9072
505377,Halee Graham,(320) 101-2714
522573,Barry Nicholson,(347) 897-4209
104456,Christen Cote,(357) 950-3967
768181,Simone Hendrix,(635) 888-1756
109560,Palmer Odonnell,(772) 185-4528
344023,August Barrett,(489) 290-0326
577377,Amos Brennan,(943) 554-9438
163820,Nasim Kennedy,(711) 101-0246
384351,Gay Riddle,(603) 765-6655
286952,Jana Dyer,(487) 713-9860
571565,Harding Delaney,(211) 701-4347
672321,Cole Henry,(943) 680-0120
556318,Tashya Mendez,(625) 366-4740
206689,Preston Gilliam,(733) 597-4070
781663,Scott Best,(228) 248-5933
875110,Cara Padilla,(947) 948-3220
445191,Callie Finley,(264) 363-5345
879935,Brent Kaufman,(405) 922-9806
295861,Curran Workman,(704) 649-8572
742073,Isaiah Aguilar,(457) 278-8687
317718,Lionel Grimes,(847) 615-7208
688592,Maggie Mccarthy,(554) 253-9090
431088,Beck Salas,(772) 128-6423
623291,Deirdre Campos,(109) 557-9229
223683,Salvador Robles,(815) 321-1033
497943,Sylvester Torres,(970) 506-6723
266133,Tallulah Stuart,(746) 938-5993
388355,Kylynn Moore,(641) 867-0755
677073,Jael Dotson,(193) 533-1330
457902,Kaden Huber,(209) 466-2499
894395,Dale Mooney,(325) 384-0309
151228,Dorothy Fry,(275) 319-2736
369445,Illana Phillips,(168) 401-1781
878076,Benedict Franklin,(451) 222-8277
192388,George Stewart,(756) 967-4699
190280,Jackson Norton,(182) 248-3599
225795,Wing Morton,(801) 602-2781
214855,Chiquita Wong,(313) 501-6391
193121,Richard Herring,(953) 619-2724
325496,Sophia Alvarez,(723) 232-3480
135823,Celeste Swanson,(615) 237-3020
179412,Solomon Marsh,(346) 524-0528
454083,Delilah Young,(225) 783-4915
101938,Carla Palmer,(877) 319-7885
381852,Quentin Benson,(975) 791-8321
696522,Allistair Fischer,(428) 512-9498
865245,Rebekah Kidd,(427) 404-8121
319505,Phelan Harrington,(750) 602-9139
326412,Hyatt Graves,(920) 203-8723
256570,Upton Harrington,(599) 257-7612
835482,Hop Bush,(741) 192-3869
644075,Hilel Clay,(532) 524-6037
850037,Zorita Christian,(363) 132-1385
691972,Zoe Bray,(629) 582-0495
350751,Alea Barnett,(149) 562-7003
248109,Ian Mills,(667) 975-8629
377086,Addison Pennington,(991) 517-8084
852928,Robert Cox,(573) 997-1403
425254,Jasmine Mcfadden,(386) 638-4717
434296,Kermit Preston,(413) 465-0112
565394,Zorita Ochoa,(921) 960-1391
693906,Beck Smith,(221) 276-3015
886380,Jamal Stafford,(791) 739-5604
508544,Cara Walker,(246) 451-0941
687959,Yoshio Barry,(312) 179-8306
780279,Mechelle Slater,(515) 320-3419
426923,Allegra Lynn,(647) 288-2376
501296,Lavinia Norman,(808) 278-6368
108706,Penelope Bean,(877) 608-5727
633124,Rhiannon Whitney,(636) 604-7759
393320,Sylvia Snyder,(212) 971-0154
530752,Glenna Wilder,(523) 123-3264
695086,Isaiah Clayton,(574) 458-1251
818668,Jerome Stuart,(126) 159-5835
811729,Calvin Garza,(411) 287-6632
892359,Anthony Jackson,(635) 862-8557
257015,Beau Bradley,(970) 974-6653
880719,Chastity Bernard,(757) 626-8169
663868,Lael Beach,(756) 341-7540
588672,Kevin Schneider,(770) 254-8556
461456,Fritz Stevenson,(353) 425-5386
684458,Kadeem Maldonado,(211) 401-5697
422916,Blossom Trujillo,(389) 238-2095
135645,Price Henson,(973) 473-8956
568853,Larissa Reyes,(758) 817-5840
319309,Myles Pugh,(477) 311-2523
239716,Warren Mejia,(594) 531-0767
519884,Ursula Goff,(816) 356-4859
163078,Conan Odonnell,(565) 497-9163
111547,Daphne Benson,(661) 281-4906
732590,Chaney Bright,(676) 915-5628
442325,Erich Bradford,(570) 757-7217
238283,Quail Callahan,(927) 147-7815
793703,Randall Gilliam,(245) 422-7071
318602,Stephanie Duncan,(877) 785-8805
554014,Melyssa Jordan,(690) 589-8831
191285,Ulla Cotton,(782) 461-0659
131226,Dane Leblanc,(201) 469-3623
229762,Alika Berger,(364) 299-7165
293199,Henry Todd,(743) 297-8545
438764,Madison Payne,(109) 604-9371
557004,Kai Meyer,(273) 674-7215
736035,Alfonso Mckenzie,(397) 132-0677
126883,Alisa Rush,(321) 400-6722
247302,Cameron Armstrong,(378) 783-9363
231585,September Perez,(316) 365-3863
203130,Elmo Holder,(835) 925-7962
352907,Akeem Baldwin,(741) 675-1582
463389,Acton Fuller,(742) 797-1567
271716,Plato Crosby,(953) 616-0961
495919,Plato Livingston,(432) 860-1904
696392,Armand Mcfarland,(888) 579-3574
492073,Aspen Reynolds,(270) 764-6992
874554,Emi Hicks,(287) 287-2653
388527,Sigourney Jennings,(541) 641-6026
346101,Jordan Kim,(132) 382-0670
130691,Macaulay Hester,(675) 389-1539
540327,Tara Marsh,(485) 680-1664
816241,Laith Whitehead,(984) 110-5839
652272,Lara Hodge,(160) 240-2275
779945,Tad Wilson,(409) 289-2975
198862,Urielle Soto,(789) 870-3920
282573,Jackson Reeves,(762) 742-3521
877648,Pandora Emerson,(336) 257-4612
841497,Victoria Ortega,(218) 571-5253
530637,Joy West,(466) 677-4269
525407,Giselle Hurley,(485) 501-3681
300761,Alden Lane,(680) 599-3290
354240,Cooper French,(516) 162-8944
224963,Illana Salinas,(648) 395-9091
654293,Caryn Mcmahon,(244) 985-9331
225864,Wesley Bowman,(749) 323-0259
362458,Wynne Cook,(709) 835-6592
382125,Wynter Roberts,(544) 502-7069
142699,Michael Newton,(426) 915-6762
192794,Giacomo Oliver,(666) 145-6983
415094,Ulysses Klein,(664) 884-6152
318143,Gray Vazquez,(278) 653-9234
278541,Zachary Terrell,(956) 832-8881
199614,Cassandra Chambers,(276) 429-0703
586673,Sybill Tanner,(368) 726-5303
725463,Cole Bailey,(159) 103-0742
713210,Iola Holland,(191) 728-4937
543119,Marny Hunt,(371) 683-0749
169504,Dustin Griffith,(406) 466-0086
185071,Hiram Contreras,(192) 377-3701
321772,Delilah Cooke,(727) 781-3606
737084,Kylie Scott,(295) 850-0244
240338,Kermit Wall,(972) 632-7248
537120,Nayda Harrell,(913) 201-1407
401487,Forrest Steele,(309) 400-6169
487784,Tasha Mclean,(708) 999-9037
453813,Alec Dean,(881) 787-7912
286299,Breanna Barton,(335) 443-9029
400186,Yael Sutton,(564) 353-2972
587956,Sopoline Delaney,(874) 896-8203
619249,Kane Floyd,(238) 121-2140
141488,Victor Gates,(852) 974-0559
896332,Candace Estes,(582) 412-3223
711419,Ria Thomas,(419) 964-6872
625504,Lamar Osborne,(897) 188-0395
278687,Akeem Hoover,(135) 794-1592
854133,Celeste Frederick,(111) 416-1929
586150,Xena Joyner,(945) 313-5761
783829,Kasimir Murphy,(621) 473-3242
462491,Holly Huff,(112) 277-8263
702313,Skyler Nichols,(937) 397-0951
791293,Nicole Kent,(537) 727-5443
443475,Mollie Barnett,(621) 658-8313
511040,Christopher Robertson,(810) 760-6356
648770,Ella Colon,(558) 999-5445
648666,Quin Nicholson,(839) 959-4748
324736,Melanie Armstrong,(726) 190-6486
486988,Erin Hill,(407) 806-3159
594916,Quinn Greer,(471) 310-0491
237248,Jane Herring,(628) 994-6482
575155,Ainsley Weber,(639) 904-2533
700538,Logan Holt,(718) 822-3678
232843,Colton Figueroa,(872) 378-3263
834061,Joel Lopez,(556) 404-6562
782349,Jade Bond,(738) 252-7616
168703,Hamish Nielsen,(854) 451-0367
402989,Rudyard Tyler,(267) 191-1798
144520,Casey Pennington,(275) 567-5329
120308,Philip Merrill,(898) 133-8681
216252,Kellie Rollins,(941) 170-4245
537954,Brianna Williamson,(265) 637-9937
626981,Gage Vaughan,(504) 727-4336
273851,Lucy Melton,(283) 308-0468
299124,Keaton Harrison,(638) 581-1214
196293,Otto Norton,(418) 911-6484
434555,Quyn Morgan,(570) 526-3253
684134,Dustin Dunlap,(852) 838-4043
876531,Tasha Hinton,(342) 538-2873
692575,Winter Austin,(647) 729-4389
482611,Ezekiel Kent,(888) 312-1682
271814,Rama Powers,(666) 782-7203
546883,Pascale Edwards,(773) 370-3052
284561,Stuart Williamson,(278) 401-3576
768169,Sarah Justice,(747) 269-8797
144048,Hayden Chavez,(400) 916-1109
315548,Julian Rocha,(762) 290-3673
372357,Ariana Alford,(913) 553-5151
286268,Axel Nolan,(643) 283-6511
546809,Fulton Leblanc,(724) 785-5257
293933,Darius Avila,(786) 872-9508
706709,Kibo Mccall,(292) 913-0047
219682,Raven Vargas,(414) 426-7295
483718,Judah Porter,(420) 751-9800
465259,Randall Curtis,(388) 432-4741
421778,Damon Fischer,(324) 750-8938
799583,Imogene Keller,(529) 558-0639
393592,Curran Schneider,(197) 892-0503
842435,Rhonda Houston,(162) 670-8782
143164,Belle Acosta,(636) 837-3019
528387,Ariana Jefferson,(476) 330-0283
821566,Beatrice York,(634) 110-6505
198937,Sloane Washington,(599) 738-8609
771698,Emi Leon,(648) 714-0152
322331,Natalie Dorsey,(594) 693-1350
448177,Macon Chavez,(319) 686-0908
635438,Honorato Noble,(309) 319-4367
535947,William Rowe,(265) 481-2144
869298,Dylan Rhodes,(219) 698-5195
240130,James Kirkland,(516) 884-8866
343569,Maggy Moss,(424) 446-3123
732448,Amaya Ware,(449) 980-0700
596380,Zachery Medina,(533) 209-9888
554831,Ashton Hinton,(620) 639-9003
346781,Kerry Kelly,(374) 732-1937
855406,Aiko Pittman,(124) 675-2675
212607,Troy Castillo,(590) 810-5213
588204,Beverly Hutchinson,(927) 824-5085
513339,Alden Hatfield,(930) 192-7756
702801,Shea Rivas,(937) 615-1636
354077,Trevor Ross,(931) 998-1441
410405,Anastasia Cervantes,(391) 629-9898
697074,Cooper Brock,(476) 945-5926
607476,Kalia Howell,(508) 401-5951
701791,Kylie Carney,(393) 208-4658
752904,Alfonso Joseph,(699) 545-9557
501643,Simone Preston,(687) 748-2485
707236,Pamela Wolf,(738) 262-1958
510454,Molly Thomas,(523) 832-9303
536085,Tashya Frost,(140) 640-1017
142867,Brenden Pickett,(347) 756-6129
370660,Nigel Flowers,(159) 215-3255
696067,Jared Grimes,(301) 874-4788
225157,Joy Ryan,(520) 508-0942
898210,Echo Pope,(516) 946-3293
328510,Hilel Mcgowan,(456) 161-1135
832437,Jerry Bryant,(188) 753-8414
649234,Timothy Le,(828) 458-5758
391552,Dawn Hayden,(546) 538-8005
177085,Megan Cross,(475) 242-3106
625040,Robin Workman,(668) 151-1347
135708,Dolan Fitzgerald,(743) 471-4604
733557,Raven Foster,(580) 226-5202
469495,Libby Forbes,(336) 948-5488
433896,Elmo Cardenas,(408) 194-6698
443349,Tamara Levine,(760) 566-8338
154918,Gage Medina,(308) 556-5362
715894,Keaton Tyler,(920) 988-0456
615533,Berk Roman,(541) 754-6593
766166,Edward Larsen,(914) 374-9544
476686,Kathleen Padilla,(490) 153-2241
180441,Drake Ochoa,(992) 620-1859
791342,Jenette Green,(595) 946-5561
541795,Elijah Garza,(815) 587-6151
199255,Rigel Cabrera,(792) 189-1365
527705,Constance Duncan,(675) 715-2799
221231,Seth Rodriguez,(394) 753-7498
433385,Miriam Washington,(645) 484-8847
640464,Maia Thompson,(133) 872-3938
757833,Price Mcdonald,(591) 576-1905
221051,Wyoming Griffin,(155) 328-5116
859961,Remedios Valdez,(436) 225-8351
847661,Preston Curtis,(687) 408-1261
542717,Portia Holman,(215) 214-1168
391008,Willa Burgess,(897) 183-3064
891207,Dane Higgins,(945) 317-0991
291435,Tarik Poole,(664) 867-4360
670377,Hayley Curry,(575) 107-9452
458384,Warren Church,(936) 462-9609
667871,Gail Evans,(478) 321-4954
595247,Felicia Branch,(375) 304-6054
767626,Blythe Bond,(762) 370-5114
499544,Odessa Sargent,(590) 329-2764
354279,Keelie Bates,(327) 556-3735
830979,Ferdinand Pratt,(215) 450-2008
852544,Chelsea Vega,(587) 720-7240
452818,Gavin Andrews,(314) 655-5736
842217,Boris Collins,(278) 822-1838
808895,Emerald Porter,(507) 667-4370
204750,Camille Tillman,(804) 802-2271
103700,Shaeleigh Banks,(174) 730-1051
194655,Morgan Roth,(682) 990-4190
149462,Basil Kline,(901) 895-9533
421185,Adria Best,(709) 917-9799
574139,Wallace Mccall,(722) 147-3774
325055,Emmanuel Glass,(677) 436-1535
332697,Arthur Calhoun,(351) 258-2141
511524,Fiona Tucker,(330) 979-2963
325188,Noble Nunez,(882) 671-0186
602043,Joy Brooks,(862) 262-5986
101384,Branden Reid,(779) 101-0209
885121,Pandora Green,(487) 502-1538
171489,Florence Rodriquez,(443) 754-0902
348952,Karyn Meyers,(410) 641-0972
225549,Eleanor Benton,(222) 606-7697
527061,Britanney Petty,(692) 465-8766
376574,Howard Wilder,(151) 544-7962
761317,Whilemina Cunningham,(678) 699-6920
640840,Cailin Burgess,(177) 865-5738
510463,Jonas Preston,(671) 643-4202
205287,Ina Burt,(720) 143-1973
460233,Naomi Schroeder,(742) 437-8070
634035,Colton Macias,(656) 248-2662
257172,Kevyn Hobbs,(715) 759-6805
478388,Jana Webster,(216) 662-9400
236483,Hedwig Green,(904) 544-8054
661060,Hedley Livingston,(538) 181-0703
656115,Mariko Rivera,(706) 501-7341
839826,Kenneth Price,(401) 398-7377
400292,Stephen Pollard,(453) 565-3027
686242,Moses Stafford,(343) 589-5765
289489,Hannah Goodwin,(614) 999-2084
115034,Summer Barr,(949) 327-1526
617999,Clayton Howell,(801) 486-0714
310207,Kirestin Copeland,(872) 433-6060
329070,Odette Schneider,(922) 753-1367
777386,Igor Fields,(275) 227-5916
789500,Elmo Hendricks,(368) 601-8066
702137,Jaime Oliver,(622) 424-5313
480853,Hu Carlson,(153) 158-4732
340449,Ethan Hardin,(633) 140-0921
785278,Aristotle Gilbert,(321) 127-2639
695414,Bert Lloyd,(893) 499-9360
416196,Brock Barr,(520) 283-4077
231777,Driscoll Melendez,(217) 412-9941
173732,Caleb Long,(752) 602-6803
199762,Adele Bowen,(556) 425-6042
870575,Bevis Henry,(626) 729-1537
341892,Calvin Sweet,(970) 472-2827
739695,Sybill Payne,(112) 200-6575
423011,Daryl Vaughan,(646) 542-2243
802855,Madeline Jimenez,(593) 844-1462
409326,Carolyn Stephens,(431) 743-9100
555446,Basia Mooney,(804) 380-6081
621362,Xaviera Sherman,(924) 635-0919
896172,Ariana Gillespie,(719) 644-5862
788961,Chava Bird,(176) 456-8310
707498,Zena Mason,(324) 128-6541
504295,Kyra Jefferson,(503) 240-0482
385867,Ina Reed,(604) 417-2609
465631,Hedley Wade,(446) 788-8406
699796,Farrah Diaz,(580) 101-9092
663393,Sean Bell,(380) 617-7276
324313,Rhiannon Richards,(676) 257-8671
839527,Steven Harrison,(757) 958-6722
709339,Kirby Cross,(258) 858-3481
868535,Clayton Mason,(374) 736-8441
545065,Indigo Ferrell,(710) 434-7152
688297,Quentin Fry,(485) 763-6698
284131,Rose Bryan,(942) 432-5309
256712,Stella Butler,(372) 763-6400
785192,Iona Sanchez,(341) 526-4261
707120,Rudyard Grimes,(446) 979-4304
868018,Deacon Bender,(874) 372-5710
275896,Ronan Benjamin,(926) 710-2815
138976,Armando Payne,(245) 778-2778
286145,Murphy George,(226) 545-0740
880189,Dalton Jimenez,(295) 848-5443
326451,Benedict Burnett,(472) 864-3499
738874,Pascale Roberts,(615) 687-7547
812847,Todd Delaney,(724) 933-9962
586033,Gretchen Wiggins,(462) 281-6034
245570,Nyssa Kelley,(735) 255-9110
331545,Keefe Waller,(802) 814-7325
868248,Sylvia Banks,(880) 533-4987
767869,Briar Tate,(725) 764-2514
782228,Dorian Ryan,(361) 725-2066
513195,David Boone,(372) 993-3297
715326,Jonas Peterson,(654) 260-8293
156709,Luke Shields,(380) 524-2561
481799,Shelley Higgins,(394) 502-1785
650713,Brady Avery,(553) 549-8822
733459,Honorato Burnett,(380) 446-1605
491488,Levi Travis,(374) 211-5343
267328,Warren Murphy,(370) 694-2394
546553,Riley English,(928) 122-9934
265303,Zelda Slater,(725) 805-7377
186252,Lael Dalton,(847) 831-8182
826047,Zena Nunez,(717) 784-0518
192619,Sierra Romero,(267) 612-7429
291849,Yeo Mclaughlin,(525) 842-1577
659909,Kamal Spears,(147) 589-9221
106650,Ryder Mccray,(172) 618-1949
658881,Calvin Blake,(501) 136-0378
126670,Xanthus Winters,(289) 569-3403
571729,Tatum Odom,(875) 371-4092
186651,Palmer Holden,(886) 269-3163
450808,Quemby Olson,(407) 734-1061
696850,Reuben Kirkland,(237) 702-7171
255267,Alexis Pope,(124) 399-3617
270457,Davis Herman,(269) 752-9958
236476,Rooney Kirk,(442) 907-8373
537581,Travis Garcia,(748) 692-9169
756168,Meghan Young,(783) 661-0524
825464,Justina Holt,(170) 630-3938
100602,Eaton Bass,(539) 188-8931
252786,Freya Porter,(124) 501-0912
625890,Gil Merrill,(117) 915-9449
799227,Rashad Sexton,(366) 985-7942
806434,Graiden Burnett,(650) 137-5634
102161,Graiden Mcdonald,(756) 794-6483
898995,Hanna Lucas,(689) 444-6992
742099,Tarik Keith,(127) 799-0464
607287,Marny Galloway,(902) 859-9388
626809,Tarik Porter,(455) 203-6583
298241,Cameron Dawson,(965) 675-0899
773973,Ciara Hopper,(560) 309-8444
122317,Louis Mcknight,(774) 738-8030
659527,Yoshio Brown,(989) 814-7163
321931,Linus Wiggins,(821) 440-6971
162594,Kasper Wade,(380) 803-5929
771905,Xander Tyson,(437) 369-9562
572624,Walter Quinn,(966) 785-9959
204665,Martin Casey,(529) 890-0162
362786,Emerson Clemons,(617) 901-1839
174796,Britanney Underwood,(827) 663-2585
643608,Ross Tanner,(900) 476-0984
782024,Kaitlin Lane,(523) 362-0782
753115,Anika Boone,(781) 273-5660
425877,Simon Stuart,(780) 993-4059
894372,Vielka Gibbs,(196) 514-9815
769995,Barbara Ratliff,(453) 574-1163
301002,Walker Robertson,(870) 555-9515
315566,Sebastian Ward,(617) 489-1228
838764,Marah Horne,(773) 456-2359
407216,Deanna Rosales,(805) 552-7552
193151,Lillith Nolan,(814) 830-0758
301877,Jenette Spencer,(325) 944-4108
290606,Herman Baker,(202) 596-5069
390173,Hayden Frye,(388) 730-2578
743904,Kenneth Moreno,(819) 292-1908
104477,Kadeem Ortega,(383) 157-0029
193222,Justin Finch,(706) 574-6589
284085,Nicholas Cox,(777) 888-0289
822344,Ryder Erickson,(734) 198-6048
113143,Ashely Potts,(347) 164-7544
304022,Zenia Tran,(131) 684-6382
536279,Alec Crosby,(780) 734-4254
193575,Lee Morton,(403) 709-6912
191273,Fleur Torres,(718) 567-5592
773872,Cruz Ferrell,(479) 652-6979
325653,Barbara Dillard,(451) 955-4932
181411,Carolyn Clark,(302) 637-5844
808838,Sierra Kirby,(107) 787-2310
140196,Yolanda Nielsen,(138) 884-2117
826688,Noah Schmidt,(119) 911-5585
257609,Howard Cunningham,(378) 489-6026
513306,Mariko Whitaker,(649) 852-7723
126642,Arden Manning,(101) 753-6757
291454,Dawn Calderon,(850) 203-9436
809854,Pearl Ray,(954) 716-7199
645462,Scarlett Luna,(520) 921-9781
857187,Ferdinand Lucas,(120) 233-0261
570499,Edan Figueroa,(274) 800-0849
898432,Zephr Hess,(741) 622-6416
865096,Akeem Mosley,(149) 561-8114
771823,Edward Wilson,(508) 608-3820
638028,Jelani Stafford,(410) 502-2455
801843,Axel Beach,(696) 241-3521
315156,Yardley Coffey,(917) 122-0511
471742,Michelle Maddox,(961) 991-4345
234070,Mechelle Austin,(308) 120-8475
478948,Emerald Owen,(864) 501-4237
283309,Regan Wolfe,(778) 287-4938
846497,Karen Wells,(305) 714-9263
464722,Imani Thomas,(271) 875-9027
826446,Maile Compton,(895) 683-2942
126588,Rose Martin,(491) 535-3848
736983,Quynn Dalton,(387) 123-8261
648133,Tasha Flynn,(351) 272-8102
439484,Tanisha Goodwin,(914) 263-2316
733611,Wang Chang,(331) 973-7352
111403,Timon Sykes,(231) 533-7690
553199,Clark Knapp,(694) 974-2718
746295,Ulric Dean,(587) 835-8440
454310,Bell Lopez,(256) 331-0903
745359,Caesar Kirkland,(859) 807-5027
193329,Caleb Mccullough,(151) 509-4671
117918,Tarik Valenzuela,(601) 919-7555
266888,Steven Solomon,(602) 431-6162
103882,Oren Velazquez,(606) 414-5458
572078,Shellie Lamb,(452) 915-5233
725774,Bert Daniels,(146) 863-6591
295399,Rogan Hill,(793) 261-5862
304645,Xena Tyson,(804) 580-9553
620711,Ivor Cohen,(706) 730-7774
542762,Dana Fitzgerald,(131) 897-9085
141056,India Chang,(260) 360-9074
533451,Nadine Patel,(844) 383-4645
521806,Raja Reilly,(296) 907-0610
313231,Kylan Contreras,(224) 338-3801
365198,Idola Mcgee,(208) 373-6860
102786,Kay Torres,(410) 675-3017
291699,Belle Fulton,(981) 332-2408
608994,Naida Petty,(397) 705-9700
898071,Hop Good,(304) 198-9001
388867,Calista Ward,(943) 844-0000
249906,Byron Sutton,(539) 220-1330
409236,Rahim Carson,(633) 102-3369
273860,Paul Carpenter,(845) 518-9002
872082,Damian Rose,(448) 346-4663
326933,Denton Vargas,(252) 107-6523
701247,Ryan Scott,(255) 348-3611
545081,Stacy Little,(969) 145-2582
822221,Ronan Mccullough,(398) 576-3688
787921,Guy Calderon,(197) 379-4012
274332,Nayda Rivas,(902) 334-6793
892529,Camden Barker,(673) 669-8769
575354,Aurora Nelson,(848) 817-9469
244815,Sierra Cash,(205) 384-3144
170939,Fay Russell,(729) 521-4616
756306,Dorian Massey,(711) 353-8472
793614,Hall Pennington,(369) 843-1083
176792,Christian Arnold,(210) 316-3850
780729,Lucas Velasquez,(907) 465-0903
821131,Nevada Velazquez,(577) 453-8294
782712,Hayden Charles,(834) 458-7657
122411,Kenneth Flynn,(641) 569-1249
380248,Vernon Parker,(430) 722-6652
571658,Mari Mcneil,(375) 238-1474
468215,Norman Robles,(564) 671-8377
716964,Ruby Hill,(599) 691-8742
614407,Kadeem Bryan,(274) 882-0429
689457,Brady West,(466) 371-4150
309695,Tanek Winters,(155) 986-7048
729919,Jessamine Knapp,(662) 903-0112
300619,Thaddeus Jensen,(836) 819-9663
861531,Felix Bowers,(889) 294-4075
282825,Wynter Benjamin,(773) 769-6591
130277,Kaseem Powers,(440) 877-2181
492356,Lael Castaneda,(339) 610-6902
804993,Erica Ferrell,(943) 483-1405
137038,Camilla Pugh,(783) 587-6005
754222,Samantha Stanley,(292) 264-7884
605155,Breanna Petersen,(651) 194-4366
330699,Anika Whitney,(493) 912-1070
535378,Hedwig Price,(908) 332-0932
214340,Ronan Frost,(570) 422-4557
376257,Urielle Curry,(366) 583-3935
405494,Wade Woods,(928) 374-2874
108339,Paul Mcdonald,(119) 962-2724
889345,Tashya Hart,(995) 333-5124
809819,Patience Dennis,(212) 397-5639
562288,Whitney Pope,(987) 914-9242
262603,Dacey Sawyer,(209) 416-2648
332245,Jacob Lambert,(254) 718-2227
215285,Dieter Patel,(281) 899-4985
243364,Octavius Reynolds,(435) 984-1857
652028,Genevieve Torres,(187) 838-0903
667383,Kennan Lancaster,(999) 329-6004
413905,Ori Sawyer,(248) 409-2754
587642,Grady Everett,(152) 844-3800
550263,Kim Ellison,(261) 377-7372
477514,Jacqueline White,(788) 279-7578
794324,Hall Carson,(981) 514-4802
458060,Colorado Potter,(800) 550-2974
783359,Eve Cohen,(399) 716-4380
141945,Charissa Rush,(992) 717-1935
810306,Simon Mcdowell,(574) 256-5673
380775,Alexander Maldonado,(621) 296-8375
819084,Patricia Bowman,(493) 688-2737
830051,Beck Valenzuela,(263) 732-3698
781378,Leandra Bolton,(130) 901-2755
766825,Jordan Morse,(920) 728-2413
100373,Heather Richmond,(760) 773-1964
527833,Curran Whitney,(669) 250-5063
872278,Maris Maynard,(843) 651-8331
651916,Vielka Holman,(757) 973-4121
575847,Coby Dennis,(658) 518-3425
891605,Risa Potter,(815) 864-2090
260759,Bree Whitney,(531) 816-7564
678376,Sylvia Davis,(515) 675-1334
235656,Kenneth Nguyen,(933) 955-9140
145533,Germane Abbott,(357) 744-0262
772734,Mia Warren,(277) 788-9529
133696,Phelan Hester,(590) 346-3958
560671,Kitra Medina,(143) 193-3828
810249,Jack Puckett,(495) 274-1287
808879,Tamara Holloway,(118) 517-5991
425981,Liberty Colon,(320) 629-4219
327770,Nayda Atkinson,(819) 479-7390
558287,Debra Ryan,(715) 252-6079
345935,Brynne Gilmore,(411) 154-8339
200103,Mark Phillips,(132) 249-4413
561350,Xena Hahn,(109) 204-4568
659725,Astra Nielsen,(467) 221-1235
183354,Justina Mccray,(917) 229-8189
632735,Tallulah Newman,(974) 356-7711
533863,Brady Marsh,(176) 373-5390
562010,Gretchen Yates,(788) 116-5871
251683,Lillian Poole,(982) 605-7400
563751,Ali Rogers,(698) 597-4443
666454,Regina Yang,(693) 530-0233
128138,Chase Castaneda,(633) 459-4379
849171,Kieran James,(319) 546-8622
609066,Indira Ellison,(920) 308-2014
252092,Harper Hampton,(879) 467-3744
123646,Jamal Mccray,(189) 909-1239
183520,Jacob Bray,(910) 209-1271
282340,Althea Hinton,(641) 101-5386
416614,Adrienne Barr,(843) 732-2031
431922,Colorado Rivas,(812) 196-4862
506876,Sloane Hansen,(694) 967-2311
290457,Jack Meyers,(726) 808-8912
451080,Jelani Hopkins,(168) 472-9889
259822,Jonah Vazquez,(257) 562-9803
155701,Ann Douglas,(824) 698-1354
136055,Kylie Burgess,(382) 620-6334
411607,Wallace Mcdaniel,(635) 882-5903
738162,Steven Shepard,(579) 456-4039
815078,Tiger Gibbs,(798) 245-2829
653834,Kylynn Johnston,(376) 644-0594
680311,Wyatt Gonzales,(178) 575-9220
842809,Kirby Newton,(736) 199-4537
729764,Amal Cervantes,(416) 605-1301
508398,Tanya Shaw,(422) 977-1922
104238,Zachery Romero,(400) 480-8393
284510,Shaine Rivers,(980) 875-0751
803741,Daniel Barrera,(475) 376-1903
524457,Petra Byers,(363) 516-0885
787635,Latifah Barnes,(310) 387-8916
410819,Bo Mccarty,(836) 862-1048
797810,Noah Trevino,(970) 303-1204
531885,Kaye Kirkland,(439) 348-3259
341872,Melanie Blair,(737) 575-3844
642336,Uma Salas,(137) 798-8831
719307,Serina Sharpe,(854) 822-8926
528892,Sean Montgomery,(634) 666-1239
467835,Talon Stokes,(728) 538-3272
292892,Odysseus Rutledge,(789) 471-7483
126255,Dai Ward,(836) 357-6406
363660,Leonard Stanton,(593) 466-5333
792498,Idona Case,(193) 347-5357
367595,Doris Stanton,(165) 573-3215
824824,Rowan Kaufman,(411) 657-2595
498619,Alea Eaton,(249) 656-6613
172718,Lana Lucas,(911) 206-3164
730109,Colt Blackwell,(576) 634-3644
561974,Charles Mcclain,(996) 828-2311
401308,Clementine Bolton,(526) 625-4171
109653,Avram Curry,(108) 327-3824
732181,Stone Ashley,(585) 213-6000
362559,Haley Holder,(669) 635-2270
772795,Colin Valencia,(953) 852-6383
229284,Xandra Lott,(332) 777-5969
528634,Rashad Blevins,(581) 239-1916
146124,Sloane Woodward,(384) 260-8185
272563,Joseph Small,(598) 123-2410
529011,Daquan Solomon,(967) 926-6267
370717,Doris Rios,(630) 482-8956
520797,Lacey Glenn,(759) 526-0123
163355,Omar Ball,(814) 912-9807
427065,McKenzie Sellers,(788) 734-9705
658780,Francesca Luna,(621) 778-9254
671973,Yoko Puckett,(112) 999-0866
593978,Oren Fox,(329) 609-4229
625743,Driscoll Wise,(889) 680-9179
696419,Clark Wade,(129) 256-9711
384598,Nash Hester,(932) 596-2011
417911,Adria Herring,(795) 924-0428
506360,Sacha Houston,(618) 225-9419
790920,Jana Hill,(784) 318-8612
248406,Gil Mcbride,(486) 830-9487
354018,Graham Owens,(468) 848-3367
415397,Jakeem Buckley,(736) 653-3566
130767,Heather Silva,(854) 836-3088
837116,Ferdinand Clarke,(805) 728-5403
513802,Simon Fox,(672) 565-2531
442772,Xaviera Osborne,(587) 912-4176
533510,Athena Strickland,(193) 318-0321
523142,Lucy Hunt,(673) 771-3091
666151,Tarik Dillard,(632) 324-5397
480829,Carly Cunningham,(893) 610-4958
107431,Jasper Hurley,(215) 950-2587
546372,Jada Mann,(382) 248-7371
170615,Risa Dotson,(396) 127-3737
775157,Quon Cabrera,(947) 313-8075
881414,Glenna Schwartz,(903) 706-4163
340830,Channing Reese,(795) 793-3336
507286,Bert Lott,(130) 971-9909
728460,Audrey Contreras,(848) 777-7018
299540,Haley Haney,(217) 130-4440
217109,Basia Carlson,(342) 369-5700
647667,William Sawyer,(475) 469-6095
632762,Travis Bolton,(402) 205-2809
635582,Cassidy Strong,(430) 233-3811
562807,Unity Norris,(919) 557-7368
147862,Faith Olsen,(823) 749-7605
658557,Erasmus Casey,(850) 593-5037
445321,Erica Buck,(482) 749-1277
334622,Melvin Sparks,(317) 669-9529
131872,Isadora Armstrong,(698) 832-3846
697558,Yeo Lane,(434) 125-1296
806954,Cheyenne Sullivan,(110) 320-2714
346888,Palmer Ayers,(181) 896-9112
795442,Yoko Preston,(426) 593-2955
512067,Jana Malone,(377) 267-0118
320922,Aurora Gould,(976) 174-8992
708854,Rigel Acosta,(454) 349-5072
569501,Kermit Fernandez,(787) 587-8498
335127,Vivien Bean,(997) 883-2059
845908,Leonard Pope,(467) 765-6259
316083,Phillip Osborn,(572) 806-8495
299793,Fay Prince,(420) 640-8456
513662,Madonna Woods,(269) 577-4572
821577,Maile Shepherd,(999) 858-3128
458763,Ciara Howell,(956) 216-2447
591708,Dustin Mercer,(129) 478-6458
679099,Madonna Bruce,(678) 896-3383
176041,Nero Hopkins,(350) 662-9422
819415,Len Ellison,(143) 356-8566
759479,Jeremy Navarro,(497) 165-2329
645243,Valentine Wagner,(528) 470-5502
431898,Rachel Carver,(137) 318-8412
807518,Nichole Hunt,(861) 211-2677
495084,Ciara Bell,(467) 522-3536
823308,Dolan Berger,(893) 505-6743
282794,Jamalia Sullivan,(512) 681-0415
590219,Graham Murray,(814) 511-9781
729886,Chadwick Whitfield,(817) 171-3386
861086,Adam Dennis,(736) 933-0704
316892,Paki Mullen,(883) 102-3267
857171,Ina Horne,(686) 364-1307
326078,Chester Decker,(652) 721-4437
656011,Addison Marsh,(526) 330-0856
842378,Rashad Keller,(977) 533-2391
580272,Laura Lara,(323) 119-1986
864467,Carlos Jones,(173) 532-8066
834789,Leonard Diaz,(830) 505-5215
177637,Allistair Poole,(280) 958-1752
479952,Samuel Beard,(758) 846-2906
823644,Marvin Bentley,(739) 662-5383
613859,Cameran Freeman,(531) 443-4659
483083,Dalton Alvarado,(905) 989-0999
526141,Chancellor Knapp,(256) 738-7895
693688,Kelly Dunn,(168) 648-0209
509991,Lillith Craig,(194) 792-8927
545702,Kyla Mcleod,(476) 273-5209
256348,Kiayada Mendez,(294) 610-9150
257878,Germaine Farley,(571) 750-2402
171408,Basil Russell,(431) 621-8557
719861,Branden Leonard,(178) 741-2820
400716,Upton Leonard,(446) 989-3951
529913,Axel Trujillo,(262) 946-1547
577584,Vincent Weeks,(534) 601-1922
349254,Gay Mullins,(920) 309-5853
109177,Grant Knapp,(465) 420-0404
798875,Alyssa Kerr,(101) 593-6937
469504,Bert Morris,(827) 126-7695
198580,Lionel Barrera,(379) 501-6075
771502,Rinah Osborn,(173) 922-3894
732221,Drake Landry,(680) 488-1133
465401,Myles Deleon,(209) 321-4763
221749,Evangeline Bonner,(178) 899-7769
330330,Raven Walters,(228) 452-2010
625667,Wyatt Prince,(190) 637-5068
572600,Fritz Bradley,(828) 283-3388
125553,Quentin Carroll,(830) 752-7617
141652,Ivan Montgomery,(596) 582-8489
463899,Eagan Mosley,(355) 396-3221
670904,Olga Nelson,(466) 701-6822
630596,Kaye Castillo,(738) 503-5199
445073,Helen Waller,(869) 779-0672
700095,Edward Harrell,(737) 784-9072
602864,Sydney Chen,(126) 454-9327
579410,Cherokee Drake,(733) 787-4166
882400,Jason Hicks,(862) 525-4585
173042,Tiger Forbes,(254) 425-3790
154070,Scott Walter,(588) 468-4130
447916,Walter Meyers,(671) 881-3055
106874,Latifah Murray,(373) 639-3105
832976,Raymond Powers,(627) 905-2326
729839,Linus Hatfield,(112) 812-5419
283270,Dean Guerrero,(742) 972-3946
167107,Brian Mccarthy,(313) 437-4012
801918,Darius Garrett,(250) 577-2217
837301,Harper Glover,(345) 826-3546
416076,Jamalia Walker,(494) 813-8240
548548,Addison Leonard,(626) 681-8944
357623,Maite Schultz,(574) 729-2971
271870,Audrey Ramirez,(898) 596-8723
121372,Aurelia Silva,(326) 768-0954
119036,Ezekiel Herring,(895) 420-3637
225649,Kibo Poole,(495) 406-2678
181013,Ila Patrick,(214) 774-1907
689530,Sigourney Roy,(604) 778-5324
349846,Abel Coleman,(283) 226-1521
465263,Xenos Stanley,(453) 319-6937
797326,Devin Tillman,(895) 155-2232
758146,Calista Barber,(259) 598-8630
318423,Dominique James,(971) 241-7651
618961,Carolyn Mays,(857) 752-4334
685766,Maggie Matthews,(791) 737-7492
599497,Merritt Petty,(113) 774-1617
742396,Omar Gross,(720) 956-9545
217742,Nomlanga Soto,(364) 650-4396
887129,Evelyn Mann,(749) 237-8494
447567,Marshall Delacruz,(290) 999-8073
337591,Amity Holman,(496) 554-5165
514088,Lyle England,(456) 323-1527
860702,Norman Chandler,(204) 548-5546
125617,Tiger Mercer,(995) 693-7298
600509,Rogan Swanson,(406) 459-3381
315524,Declan Cline,(441) 486-8623
459141,Juliet Lawrence,(665) 990-1373
135597,Abbot Wooten,(664) 921-9970
158863,Dai Petersen,(414) 438-5699
663383,Madonna Morgan,(970) 790-1197
567058,Joshua Gilbert,(485) 968-5274
686103,Ramona Berry,(858) 999-7738
542838,Amaya Heath,(828) 242-3735
255336,Connor Faulkner,(288) 425-6039
672803,Forrest Richard,(741) 338-5849
403291,Phoebe Charles,(134) 142-7982
507905,Xanthus Montgomery,(421) 468-2810
131806,Chandler Wyatt,(326) 978-3691
444986,Jordan Fitzpatrick,(882) 511-8048
654296,Lois Gonzalez,(102) 793-8678
120327,Jacqueline Mcpherson,(680) 835-4042
613785,Wendy Gibson,(586) 748-3070
384317,Hiram Pena,(524) 146-7093
316489,Diana Rasmussen,(603) 254-7279
403623,Basil Leonard,(949) 704-6449
672896,Maris Hickman,(854) 618-4302
844799,Libby Lane,(693) 112-6380
242451,Jessica Levine,(663) 117-9146
868875,Alexis Mercer,(497) 769-2980
838124,Geoffrey Kelly,(575) 922-7523
895564,Merritt Barker,(453) 108-7101
450296,Francis Simmons,(269) 645-1103
505022,Griffin Mcdaniel,(796) 562-9973
553656,Dorothy Arnold,(314) 277-7122
352113,Christine Benjamin,(109) 693-7094
418229,Porter Mcfarland,(102) 977-2673
640386,Grant Sweet,(637) 872-0086
618698,Ulysses Burris,(512) 326-3890
208756,Carl Holmes,(312) 687-5932
558158,Rhiannon Wilkerson,(751) 415-5612
311218,Elmo Beasley,(460) 471-6872
508332,Mona Solis,(610) 969-1882
246479,Rogan Avery,(302) 498-3690
789611,Zeus Richardson,(794) 981-8948
774150,Allen Bass,(663) 895-0769
523364,Shannon Sparks,(709) 583-6768
519555,Amber Lara,(985) 889-7754
556265,Reece Savage,(160) 102-1431
509049,Simone Sanders,(714) 233-7398
749393,Malik Fields,(918) 244-3327
368348,Hayfa Ware,(362) 480-2655
444480,Reuben Wiggins,(346) 782-7955
525601,Lillian Ware,(749) 887-5410
503639,Carissa Collins,(100) 871-6980
708879,Yetta King,(809) 483-3807
418389,James Carey,(699) 622-6372
149544,Lance Cooke,(820) 829-8007
572114,Carter Barton,(940) 813-8387
884839,Hedwig Lawrence,(562) 539-6374
445939,Jamalia Saunders,(543) 919-0574
223395,Russell Griffith,(520) 633-9366
774977,Hope Levine,(415) 656-9326
413616,Laurel Cunningham,(188) 419-5095
653604,Arden Pugh,(608) 132-3062
125235,Amela Langley,(632) 510-9218
190120,Lester Salas,(426) 644-5094
628063,Tanisha Lancaster,(988) 774-7296
620946,Shea Lawson,(464) 624-2216
790048,Aquila Skinner,(912) 694-1474
541355,Teegan Gaines,(907) 546-3225
415515,Duncan Cote,(193) 181-5243
412050,Fredericka Russell,(684) 496-1077
246230,Laura Oneil,(595) 329-8248
232700,Macy Kirkland,(893) 979-9620
863135,Amity Hunt,(531) 414-7439
264914,Gay Valdez,(853) 559-3279
664863,Yoshi Osborn,(416) 609-5860
689719,Tatyana Snyder,(186) 528-1261
326894,Dalton Greer,(787) 647-3158
510868,Erasmus Hobbs,(989) 455-3784
146486,Kennedy Peters,(836) 739-7805
860918,Aubrey Hensley,(290) 440-6189
614355,Bree Ruiz,(442) 844-0220
123797,Oscar Frazier,(161) 620-2505
456284,Cairo Dalton,(665) 450-2691
664422,Caldwell Fuller,(510) 184-4667
735800,Wyatt Stout,(551) 580-0278
461334,Meghan Blair,(553) 443-8797
711302,Lee Cooke,(975) 425-1561
800977,Carl Maynard,(651) 896-0657
736575,August Casey,(764) 752-8207
688145,Iona Contreras,(594) 564-9022
425844,Georgia Dixon,(662) 625-0221
175337,Keelie Estrada,(841) 689-6761
193509,Dorothy Flowers,(785) 551-3459
436528,Ila Warner,(884) 590-0336
555257,Catherine Hays,(740) 127-7933
211104,Allen Walker,(712) 745-0539
840004,Robin George,(602) 439-5406
304084,Burton Daniels,(238) 735-6171
247792,Nicole Morin,(123) 507-1807
671590,Barclay Sloan,(458) 387-3083
390215,Elvis Alvarez,(618) 404-4592
811943,Shana Gonzales,(369) 202-2211
460191,Elijah Hernandez,(442) 418-4283
587768,Geoffrey Wolfe,(790) 827-7977
724334,Amery Lara,(729) 215-4379
193370,Megan Hewitt,(427) 595-5435
428693,John Puckett,(520) 141-6167
682760,Brock Buck,(845) 346-8058
826819,Daria Copeland,(414) 567-3986
788585,Vanna Pace,(325) 207-7696
780579,Fulton Mckee,(547) 914-7995
743213,Ethan Sellers,(682) 865-6797
514559,Leo Knight,(959) 609-9960
519278,Mallory Montgomery,(907) 379-3823
183443,Mufutau Roberson,(487) 354-6853
410086,Bethany Garrett,(209) 925-9883
436909,Lamar Wagner,(475) 363-4902
657375,Regina Bailey,(194) 471-2926
138777,Guinevere Morales,(183) 694-1901
311785,Nathan Dotson,(404) 105-2221
642094,Anastasia Merritt,(580) 189-4011
396636,Sierra Garner,(600) 728-2951
517320,Daniel Joyner,(285) 431-4604
158248,Fleur Wilson,(437) 149-0732
507631,Matthew Whitney,(863) 223-3366
768672,Gillian Peck,(188) 445-6335
633498,Ezekiel Lynn,(310) 614-9803
278153,Kieran Griffin,(129) 304-2074
786003,Indira Pena,(460) 982-8883
278533,Grady Burnett,(684) 563-0078
619727,Keane Mckenzie,(483) 687-0624
116372,Samuel Kline,(516) 735-5195
283952,Dai George,(785) 341-2454
355879,Flynn Fowler,(681) 982-1467
230400,Erin Contreras,(544) 610-5975
727748,Igor Lamb,(373) 160-3600
800449,Morgan Castillo,(914) 233-7233
365505,Alexis Coffey,(729) 341-2097
695043,Jared Byers,(629) 607-6923
258509,Yetta Gray,(519) 284-1292
199906,Joel Mcbride,(810) 138-8760
321750,Ryder Shepherd,(210) 106-2506
474434,Lesley Mathews,(621) 696-3845
117494,Iris Ballard,(302) 503-4284
272051,Yvette Emerson,(124) 869-3147
784432,Dominic Thompson,(338) 301-1956
498199,Kameko Mcpherson,(681) 275-2158
884519,Tobias Suarez,(262) 349-5549
755503,Ryan Reilly,(616) 521-4962
804946,Buckminster Lang,(103) 561-3449
498274,Elmo Kerr,(605) 634-9531
303228,Ria Hensley,(327) 851-0132
665866,Clarke Cochran,(359) 724-6130
163086,Maisie Hoover,(984) 442-6518
296979,Katell Duffy,(872) 739-7831
230804,Noelani Mullen,(482) 971-6771
742424,Fulton Bray,(969) 696-7133
166839,Adam Rosario,(820) 136-4463
705068,Ina Morgan,(141) 850-6814
348345,Teegan Wilder,(112) 335-5974
546250,Neil Guy,(528) 692-8833
188538,Hu Marsh,(940) 495-5428
286189,Kendall Raymond,(768) 652-6497
174459,Rudyard Case,(419) 833-0536
886752,Sylvester Whitley,(425) 142-5613
818637,Sean Farmer,(610) 244-3447
614494,Adam Ellison,(941) 461-8027
623616,Brent Perry,(742) 633-1075
354163,Sheila Mosley,(739) 478-2335
832783,Kieran Vargas,(167) 728-3337
353960,Gillian Lamb,(570) 960-8814
551712,Burke Wade,(314) 773-0199
135592,Lacota Cooke,(782) 848-9921
559412,Victor Joseph,(842) 521-4858
347961,Tanner Stevenson,(691) 810-9076
607809,Rajah Larson,(185) 270-9530
450826,Tanner Hancock,(988) 184-6481
182334,Jakeem Lancaster,(263) 946-3748
382114,Hiroko Mosley,(872) 152-2740
386128,Barclay Robertson,(328) 786-3109
591975,Emi Guzman,(476) 734-0544
801783,Brendan Frye,(810) 213-1490
612419,Ryder Meadows,(220) 408-0598
804733,Wanda Evans,(627) 407-0246
473525,Sydney Franco,(740) 758-2507
451456,Oscar Craig,(906) 458-8117
199260,Allen Schwartz,(150) 730-4604
833381,Dorian Sargent,(547) 620-3631
683152,Alfonso Frank,(917) 201-3538
577372,Dillon Mayo,(949) 595-4547
534415,Meredith Pope,(257) 703-3152
597509,Laura Zimmerman,(338) 713-4721
486668,Giselle Gaines,(282) 995-3761
860121,Sheila Ortega,(184) 578-8620
561505,Mariko Ross,(696) 639-9479
155674,Grady Lowery,(884) 387-1548
235052,Jocelyn Kelly,(950) 255-3706
256823,Florence Mcconnell,(568) 360-8251
711196,Oliver Cortez,(644) 443-7387
630041,Burke Porter,(361) 103-8252
374418,Julie Schneider,(808) 293-7356
108522,Price Holmes,(868) 461-4634
239263,Leandra Patel,(921) 545-9808
782735,Shannon Reese,(127) 218-7539
391400,Uriel Patel,(401) 137-9425
870216,Hyacinth Vance,(193) 867-1982
377839,Ezra Cotton,(377) 848-9111
738240,Octavius Macdonald,(252) 211-8294
303297,Jaquelyn Grant,(147) 961-8218
518571,Bernard Parsons,(689) 215-9893
268798,Fredericka Mueller,(890) 805-9151
643739,Christen Melton,(248) 113-6601
159348,Hayley Conrad,(326) 685-8331
564822,Whitney Harrell,(585) 770-8837
325657,Chadwick Holman,(407) 869-0949
426182,Nathaniel Elliott,(308) 670-9631
889313,Autumn Townsend,(222) 886-8533
471785,Rana Buck,(440) 775-2730
202718,Patricia Burt,(787) 685-4349
570851,Bree Best,(629) 392-3420
601415,Malcolm Shaffer,(176) 413-8680
152246,Francis Ball,(279) 226-1591
661592,Aladdin Castillo,(364) 502-2380
649733,Jayme Freeman,(246) 310-9940
756323,Drew Palmer,(268) 749-6337
633039,Casey Schroeder,(865) 896-3917
302805,Gloria Lane,(880) 179-7927
616479,Quemby Salazar,(793) 758-4215
760395,Lee Wilkins,(758) 874-1472
579098,Gray Barrera,(206) 346-3835
400344,Aileen Anthony,(854) 402-4672
547849,Carlos Dillon,(794) 471-6557
671379,Gannon Camacho,(370) 879-4972
261858,Ulric Norton,(259) 514-6765
660682,Wynne Bonner,(496) 144-8726
792195,Brianna Sargent,(509) 735-5929
456114,Wing Franklin,(491) 948-0169
710427,Hakeem Garrett,(327) 973-2390
330249,Tobias Carney,(116) 387-6230
517762,Elton Shepard,(823) 542-0752
358786,Sybill Ballard,(320) 906-3301
275728,Kato Wright,(534) 993-8283
167967,Brennan Witt,(177) 752-0341
886880,Margaret Orr,(214) 869-5546
548480,Hop Reeves,(411) 981-8443
804183,Kermit Pugh,(597) 617-9031
505225,Jaime Thompson,(529) 166-8430
879021,Rigel William,(467) 126-7405
548123,Leslie Phillips,(282) 708-2850
643271,Scarlett Figueroa,(926) 238-8209
190187,Levi Huff,(754) 909-4591
686692,Leonard Mathis,(943) 668-2535
632698,Halla Sanders,(715) 535-9204
541293,Katell Steele,(581) 199-9559
232864,Yvonne Acosta,(239) 253-0780
813118,Alexandra Combs,(852) 636-0770
164592,Hayden Orr,(115) 461-3399
110342,Zelenia Holt,(203) 998-0364
638365,Yuli Dudley,(154) 918-4314
798956,Callum Sanford,(595) 746-1923
204776,Quintessa Vincent,(253) 158-9315
244959,Wynter Little,(737) 422-6617
150051,Macy Nixon,(879) 430-1391
838625,Barclay Fields,(547) 192-3530
147176,Yen York,(289) 542-7324
819333,Maisie Ross,(247) 222-0364
565461,Kibo Valencia,(149) 831-0733
343371,Dolan Velez,(567) 906-8818
412783,Xanthus Spears,(918) 537-5112
565778,Camille Case,(197) 730-6648
181409,Fiona Alston,(923) 184-5419
557146,Garth Rich,(534) 852-0980
642829,Yardley Cash,(300) 975-2892
549712,Maxine Schroeder,(110) 686-9702
480954,Malcolm Koch,(265) 483-2847
530434,Travis Callahan,(916) 979-3508
317738,Elton Washington,(836) 469-8922
641674,Raphael Peters,(639) 126-0242
604737,Fredericka Cardenas,(610) 621-6517
399554,Jamal Roy,(948) 674-2202
753792,Tasha Dotson,(102) 294-7410
894108,Quynn Drake,(749) 231-2803
443391,Rahim Odom,(628) 544-9944
135971,Cameron Mayer,(698) 808-3129
694655,Kieran Frederick,(244) 906-5211
479820,Merrill White,(765) 963-0256
695941,Rana Francis,(824) 462-7655
230857,Stephanie Pruitt,(153) 954-9143
198364,Lara Riddle,(117) 723-8573
524138,Keiko Morrison,(948) 876-3993
290487,Irma Horn,(884) 511-5762
282901,Hedley Alford,(653) 165-4749
777504,Mallory Dodson,(331) 884-5406
522470,Zena Howard,(986) 948-1100
857717,Xena Ramirez,(784) 471-7823
426604,Kaitlin Chase,(595) 127-4678
747375,Aubrey Pace,(954) 593-1365
327316,Wendy Rodriguez,(979) 567-5116
788629,Odysseus Burch,(299) 804-0400
888427,Ali Jacobson,(984) 825-0342
492645,Yuri Reynolds,(693) 518-2469
575568,Kendall Golden,(233) 674-4195
438682,Neville Rowe,(260) 149-4451
569396,Christopher Levy,(112) 231-6220
536410,Neil Oneal,(418) 409-6649
169740,Joel Montgomery,(350) 472-2223
579040,Oliver Fernandez,(500) 119-9708
142323,Kalia Mcgowan,(247) 280-4349
453769,Camilla Vargas,(872) 337-7248
176746,Cade Fuller,(720) 206-7702
124439,Vincent Vance,(106) 319-0831
502572,Ruth Spears,(114) 862-1867
772933,Lucius Witt,(180) 691-0965
808943,Wyatt Steele,(123) 713-9798
504698,Chandler Terrell,(534) 583-1117
236460,Venus Reyes,(329) 857-9659
812694,Shellie Stephenson,(853) 478-3716
775478,Desiree Mcmahon,(391) 104-9606
820535,Chaney Alford,(565) 706-2273
377030,Gay Goff,(450) 694-7965
549925,Zorita Ford,(890) 211-2000
582802,Keegan Sanders,(349) 442-2609
612608,Adara Dotson,(928) 240-9029
350968,Callum Richardson,(633) 579-4154
421484,Florence Pratt,(287) 113-2792
438096,Kiara Lambert,(600) 745-9666
825598,Mohammad Leach,(567) 675-1391
566919,Chandler Stafford,(887) 334-5860
153779,Garrett Rosario,(557) 744-9448
882940,Amelia Lynch,(633) 927-0336
293835,Yvonne Wyatt,(838) 596-6151
443534,Anjolie Pruitt,(511) 541-1940
544279,Tamara Waters,(267) 577-9025
250511,Noah Gutierrez,(545) 310-8500
195109,Kirby Gordon,(979) 911-8814
132887,Freya Mendez,(756) 692-9621
619962,Brooke Alston,(645) 226-5805
292521,Zahir Hampton,(691) 677-8361
801043,Aladdin Chang,(107) 110-8824
764587,Armand Greene,(972) 658-5457
118777,Cade Cash,(661) 500-7709
689688,Hop Combs,(834) 495-1154
262297,Wynter Baker,(763) 912-5153
715265,Evan Ball,(406) 240-1167
754886,Kevin Sexton,(978) 435-7847
126884,Shad Price,(167) 976-3023
648701,Rinah Richmond,(149) 764-5351
879005,Henry Gilbert,(151) 396-4633
479798,Yael Guerra,(949) 979-9946
787675,Zia Delgado,(238) 346-0608
557316,Abbot Hewitt,(990) 872-3790
542588,Hoyt Black,(662) 877-0212
217052,Fletcher Ortiz,(360) 326-6558
869400,Graham Bright,(183) 519-2158
730989,Aristotle Sanford,(327) 952-5888
396826,Bert Vang,(383) 962-6941
268771,Fritz Hines,(669) 347-2378
370146,Hannah Atkins,(160) 549-8711
698689,Ariana Patrick,(126) 310-6595
118544,Arthur Lowery,(264) 616-1735
444383,Mira Mays,(132) 414-7128
356988,Seth Lyons,(378) 403-6606
875738,Rogan Delaney,(291) 577-1790
240782,Dominic Banks,(391) 459-7040
821126,September Mckinney,(992) 292-4614
733154,Jameson King,(962) 725-0386
227409,Ivana Summers,(233) 193-8685
451556,Lani Moses,(809) 846-8293
711617,Fitzgerald Cohen,(742) 355-9686
769946,Amethyst Mcfadden,(660) 268-5951
278736,David Patton,(356) 448-3780
358580,Beck Guy,(671) 975-0535
652714,Ali Myers,(454) 195-3049
116837,Aquila Dunn,(478) 987-2088
240687,Warren Albert,(498) 606-3192
304844,Quinlan Beach,(274) 748-8374
890452,James Harris,(182) 108-8036
266444,Nicole Mcfadden,(270) 176-3385
207375,Carissa Bartlett,(926) 981-4185
190763,Judah Willis,(494) 631-4782
292924,Penelope Carr,(281) 181-7500
620085,Evelyn Lawson,(379) 314-2531
828725,Karly Campbell,(502) 585-6256
487681,Ferdinand Dickson,(879) 334-0999
236441,Pamela Guy,(889) 748-5938
594978,Carla Watts,(943) 425-3942
197311,Armand Salas,(285) 297-1256
294793,Alisa Jordan,(687) 329-6519
568639,Olympia Sweeney,(957) 969-9739
713369,Dieter Lott,(750) 472-4903
226775,Winifred Barton,(816) 183-6098
242105,Ethan Cooley,(856) 693-5012
790175,Sydnee Tate,(551) 448-1621
398701,Hammett Vaughan,(562) 833-0773
150784,Jameson Harris,(105) 915-6045
695765,Elvis Cooper,(875) 926-2350
777689,Cassady Mccormick,(306) 183-1657
508130,Quinn Horton,(143) 145-8605
789214,Rudyard Hendricks,(784) 228-1484
533442,Donna Sanders,(105) 243-3606
167808,Ira Vang,(260) 849-4551
836155,Kai Castillo,(614) 445-0643
826652,Stacy Gonzalez,(236) 936-7703
220876,Jack Poole,(743) 839-0093
549820,Burton Allison,(634) 830-7758
152812,Keefe Hewitt,(435) 229-9673
843449,Quamar Perez,(175) 425-6358
377714,Dara Briggs,(816) 470-7136
149549,Rhea Roman,(344) 642-6676
787005,Micah Martin,(787) 106-4115
691145,Jelani Mueller,(935) 694-5697
854283,Guy Avila,(884) 948-0632
418644,Iola Gaines,(229) 685-0305
503444,Sacha Solomon,(963) 304-2844
185790,Kiara Bowman,(548) 422-5361
574943,Stuart Emerson,(725) 106-0515
521381,Dolan Patrick,(365) 583-5298
800177,Shafira Mcneil,(654) 876-0358
266939,Rinah Barry,(326) 442-3952
771326,Hilary Dalton,(952) 436-1848
741931,Katell Meyers,(584) 627-1414
267297,Zia Curtis,(162) 399-4733
232898,Berk Chambers,(286) 857-8539
727245,Hyacinth Riddle,(640) 634-7430
532646,Byron Atkinson,(373) 478-4361
104786,Candace Reese,(437) 929-0427
679503,Ayanna Sims,(682) 745-7460
539444,Christopher Todd,(460) 985-0822
449332,Micah Knowles,(500) 229-5974
629259,Madaline Burgess,(936) 571-3491
804289,Lara Roberts,(437) 115-6278
814046,Nathaniel Parsons,(760) 114-0123
480443,Tatum Matthews,(992) 176-1365
141012,Anjolie Franco,(425) 819-9656
253844,Dale Dickerson,(317) 230-1924
653003,Lucian Armstrong,(491) 672-3859
383242,Maisie Branch,(688) 669-3542
544068,Cairo Valdez,(197) 957-4088
617618,Xavier Lowery,(899) 656-7429
559011,Joel Rosales,(922) 544-3297
215895,Juliet Benton,(144) 557-0322
231742,Adam Anderson,(424) 814-0552
897691,Slade Walls,(414) 975-4052
699567,Veda Bowers,(535) 250-4565
217639,Rahim Keith,(546) 675-1831
438894,Darrel Rodgers,(562) 618-1051
474089,Leonard Guy,(938) 305-8704
648848,Isaac Mccormick,(576) 160-7471
483085,Palmer Mooney,(907) 875-5917
527643,Jaquelyn Velasquez,(584) 138-7392
784021,Lesley Sutton,(150) 108-1764
328865,Merrill Jackson,(581) 229-1243
675363,Rhoda Mccoy,(483) 888-4534
377989,Burke Castaneda,(517) 687-3750
763991,Emily Stevens,(974) 707-4149
453713,Florence Small,(290) 748-3833
898088,Benedict Mann,(594) 738-1624
309436,Dawn Monroe,(475) 180-7005
567824,Kenyon Gallegos,(227) 597-5700
485332,Guinevere Rosales,(780) 528-7322
864475,Angela Meyers,(457) 445-0366
738527,Raja Velasquez,(814) 952-0271
245253,Erasmus Robertson,(593) 237-7887
615317,Xanthus Tucker,(680) 132-1134
338134,Isaiah Rosa,(627) 923-0973
788176,Kylee Parks,(344) 872-6387
889491,Madeline Ayala,(649) 198-9641
230100,Maite Pearson,(345) 974-7360
389473,Murphy Brady,(776) 365-8463
857163,Boris Rush,(213) 709-1785
598522,Holly William,(853) 850-7203
596076,Ria Mcgee,(543) 854-0246
163736,Tanisha Norris,(564) 812-3889
332578,Tara Simpson,(625) 999-4704
698648,Tyler Beasley,(505) 224-7790
519893,Wade Powell,(232) 669-9007
444320,Karyn Garner,(613) 567-5076
169201,Angelica Good,(108) 793-7233
621185,Nasim Melendez,(105) 610-3980
662144,Steven Young,(551) 161-9105
783826,Signe Joyce,(242) 677-3825
568402,Mary Powell,(105) 763-8746
614854,Jerome Delgado,(531) 340-2001
592099,Deborah Sanders,(821) 336-8907
508083,Gage Dalton,(532) 461-5069
583821,Martin Chan,(300) 702-8727
729089,Quin Blanchard,(928) 811-4299
283044,Wayne Bird,(504) 636-4979
357764,Carla Cline,(921) 231-0669
579937,Neville House,(586) 877-6337
117461,Axel Morrow,(977) 630-3778
508476,Shad Gould,(769) 579-4634
104589,Cooper Langley,(942) 644-1637
351561,Aline Bonner,(452) 100-3300
215905,Dorothy Francis,(449) 206-8753
637196,Rafael Herrera,(912) 767-0453
434901,Forrest Harris,(115) 395-8083
491083,Brody Walsh,(825) 885-4802
825599,Bryar Grimes,(969) 371-1879
160522,Magee Barnes,(407) 413-2553
770005,Stephen Herring,(163) 514-3077
538928,Aquila Bright,(835) 441-2294
200620,Carly Kidd,(397) 754-8427
766457,Darius Peterson,(286) 932-0768
485685,Kirby Mccarthy,(835) 380-7779
219988,Alfonso Chandler,(421) 570-2636
746705,Paki Mcpherson,(265) 988-6128
233629,Denton Kirk,(239) 580-7132
819311,Sheila Webb,(459) 181-7661
398308,Marcia Jacobson,(408) 423-5644
147957,Selma Head,(816) 595-2449
284717,Uma Bush,(430) 837-4394
438969,Kendall Hinton,(231) 998-3132
804660,Alden King,(662) 684-9844
504754,Fredericka Wright,(967) 143-7457
416658,Janna Reilly,(265) 530-9294
781517,Talon Chapman,(697) 431-8075
670964,Rinah Walters,(660) 555-3041
258537,Ralph Hyde,(995) 458-0017
246263,Owen Weaver,(496) 648-3343
258221,Ria Lowe,(197) 575-4220
549558,Peter Carroll,(119) 744-4044
301977,Hedda Cunningham,(743) 771-8989
720932,Kadeem Barrett,(580) 921-5852
865056,Kristen Soto,(652) 602-5718
249019,Portia Cox,(327) 771-9146
528715,Myra Mcclure,(543) 136-8668
235675,Audrey Foster,(707) 248-8919
801229,Deirdre Cox,(534) 814-4551
625609,Colt Bell,(164) 589-8718
343945,Tanner Joseph,(794) 285-6187
836717,Margaret Best,(242) 388-4298
711059,Vladimir Gill,(215) 900-9328
896486,Linus Reynolds,(842) 478-2917
297532,Lyle Noel,(992) 948-6354
461457,Ryan Oliver,(101) 351-0302
286713,Beck Blankenship,(616) 938-0149
539135,August Carroll,(302) 812-1332
555963,Marvin Orr,(235) 206-8093
688085,Bethany Hendrix,(846) 854-7967
614804,Alexa Pennington,(801) 191-1901
556183,Nell Cooke,(684) 471-1098
310357,Heather Patterson,(661) 680-1917
467002,Deacon Banks,(431) 233-2284
577096,Timon Lester,(991) 604-6163
829069,Armando Bray,(739) 570-2186
489155,Lydia Frederick,(569) 435-8035
610936,Declan Zamora,(280) 850-3716
205669,Zenaida Graham,(407) 208-9901
485180,Julian Keller,(747) 590-7606
873123,Quentin Moody,(642) 275-7388
389782,Katelyn Stewart,(254) 338-6983
519557,Fitzgerald Wells,(129) 581-9504
767347,Patricia Small,(316) 511-6897
322429,Baxter Frazier,(282) 111-4876
793209,Josephine Mcpherson,(447) 249-7947
738515,Kimberly Moran,(563) 530-1984
515995,Lev Hinton,(505) 126-4821
318279,Price Shannon,(330) 668-6481
764961,Merrill Lawrence,(427) 830-2042
291453,Philip Willis,(114) 382-4348
244072,Vernon Tyson,(125) 586-3611
812782,Coby Forbes,(382) 864-0992
400251,Zephr Gordon,(735) 366-6612
210912,Donna Powell,(844) 246-6832
236054,Ashton Mcguire,(990) 490-3809
460744,Alan Lawrence,(559) 297-5009
507815,Colette Stokes,(581) 435-7231
379877,Jelani Love,(117) 339-4931
442619,Morgan Glass,(456) 542-4605
229158,Justin Hurst,(720) 427-8319
857103,Glenna Marquez,(882) 681-2888
814600,Reece Mullen,(372) 663-6447
330494,Thomas Burns,(761) 549-0228
335515,Duncan Mueller,(820) 997-8648
689295,Tiger Joyce,(280) 664-6826
341833,Echo Mccullough,(764) 870-6579
878864,Zorita Cameron,(533) 586-2335
336112,Kibo Rosales,(979) 540-0546
700164,Camilla Walker,(970) 136-5427
410067,Ronan Davenport,(232) 118-0712
379737,Keaton Roy,(776) 164-1555
114442,Brody House,(588) 817-2059
761098,Jaquelyn Huff,(662) 494-6745
454257,Elliott Mayo,(771) 115-8287
373917,Salvador Singleton,(230) 486-5965
320512,Candice Carver,(826) 618-1663
125094,Berk Mendez,(303) 501-8006
480915,India Monroe,(845) 293-2510
530659,Brendan Howe,(222) 672-0868
847979,Zephr Hammond,(696) 681-0825
731441,Dustin Roberson,(120) 951-5282
789106,Lani Lloyd,(414) 110-0024
283991,Pascale Jacobson,(438) 374-7321
731921,Lars Le,(561) 798-3335
719103,Alfreda Dunn,(456) 655-7768
183176,Olivia Adams,(211) 445-8218
311888,Brenden Mccormick,(231) 225-3877
831547,Chaney Dillon,(911) 836-5672
827360,Yen Oneil,(177) 391-4666
263873,Nita Patton,(477) 925-4506
303047,Fletcher Pena,(255) 559-9840
133593,Isabella Hahn,(377) 805-4594
630933,Alfreda Mcleod,(805) 156-1018
731149,Leah Mccoy,(198) 284-9610
479875,Marny Davis,(234) 775-6420
807386,Amery Forbes,(848) 624-1356
812959,Ifeoma Pratt,(545) 463-8168
502709,Buckminster Houston,(419) 328-8322
768576,Ezra Watts,(214) 116-6993
198670,Sheila Goodman,(218) 116-7347
160670,Renee Gallegos,(840) 348-2064
453733,Colorado Bradford,(222) 565-8747
662527,Glenna Knight,(559) 598-5217
290517,Xantha Hebert,(487) 185-1551
547081,Sara Berry,(446) 263-6937
293817,Octavius Leblanc,(261) 465-2042
259427,Ashely Gordon,(210) 751-6165
861704,Wynter Pate,(446) 851-7018
312283,Noah Phillips,(334) 675-7401
202442,Willa Stevens,(516) 968-7987
674793,Kennan Brown,(524) 695-4350
457393,Deborah Juarez,(156) 238-1697
634419,Latifah Daniels,(409) 915-4255
539438,Sawyer Kim,(364) 288-8339
506906,Zeph Hull,(787) 384-5237
875553,Curran Gilliam,(919) 171-5950
775503,Delilah Garcia,(266) 659-8553
629604,Ciaran Griffin,(119) 413-2356
461544,Faith Battle,(856) 939-6501
717224,Shelley Briggs,(873) 767-1936
529159,Jolene Gallegos,(724) 335-3753
511801,Deanna Lane,(304) 204-9252
834967,Chadwick Kinney,(611) 557-4408
575628,Mona Golden,(272) 906-3010
736148,Raja Dale,(467) 284-0755
396058,Kato Boyle,(294) 442-6699
881894,Galvin Walls,(979) 815-2342
454014,Arden Mccarthy,(627) 596-5047
360549,Leslie Montgomery,(924) 720-3837
846751,Adrian Strickland,(552) 150-7831
579069,Troy Reeves,(947) 515-0639
339608,Gretchen Le,(731) 141-4141
549989,Macon Burt,(733) 822-3451
441370,Fallon Park,(590) 895-3177
535177,Ina Collier,(672) 393-2932
217131,Carter Ratliff,(992) 298-9878
605816,Veronica Mckenzie,(574) 964-3279
239021,David Haley,(671) 618-7657
285750,Emi Boone,(204) 309-2063
765085,Ora Yates,(979) 994-0070
402384,Frances Hayden,(413) 858-6491
886562,Dane Brooks,(613) 993-5792
373358,Isaiah Blake,(820) 785-4835
265466,Wynter Jenkins,(696) 809-7337
823825,Harper Sparks,(228) 906-4884
353369,Ivory Ramirez,(416) 727-2148
505457,Karina Bond,(782) 891-9414
860830,Boris Parrish,(963) 506-1691
733777,Camilla Marquez,(394) 778-7687
754665,Audra Valencia,(526) 280-8039
335337,Ferris Peterson,(938) 898-6940
856731,Lee Whitehead,(298) 877-4218
713223,Jakeem Harris,(851) 105-5142
236792,Bruce Cherry,(188) 527-0398
244017,Roary Conner,(744) 614-7463
184346,Kaseem Hyde,(689) 259-9737
292823,Colorado Golden,(399) 546-0492
587375,Rama Johns,(174) 986-1286
712132,Yolanda David,(729) 447-5206
661811,Germaine Douglas,(279) 804-0569
817928,Hall Kramer,(272) 945-0822
713381,Keith Mullen,(939) 647-8778
572612,Charles Huffman,(899) 448-5975
690089,Bruce Barnes,(783) 877-3892
403621,Giacomo Hays,(265) 689-1337
113377,Zia Ratliff,(188) 689-4476
792251,Cullen Douglas,(642) 716-1259
617113,Orli Valenzuela,(630) 295-7551
462298,Carlos Little,(743) 310-8022
754146,Jordan Roth,(282) 580-0255
716028,Charde Humphrey,(831) 406-5850
130184,Miriam Burt,(590) 724-6590
106409,Julian Horn,(872) 243-2880
114273,Trevor Barrett,(115) 111-1151
696095,Yardley Pratt,(923) 315-5186
228766,Montana Ward,(664) 237-9543
846463,Tanek Ellison,(468) 367-0297
242206,Savannah May,(371) 585-5210
408831,Amela Acosta,(188) 409-5511
621532,Craig Hurley,(125) 297-2774
551694,Venus Wright,(900) 167-7818
709769,Salvador Parks,(463) 205-1893
806524,Zephr Hopper,(478) 658-1507
335613,Jena Cannon,(417) 249-5626
541288,Stella Rivera,(461) 983-4610
113868,Reuben Bush,(190) 982-3131
623360,Jared Diaz,(844) 594-8723
838706,Alexis Curtis,(312) 217-8606
780457,Kevin Stephenson,(705) 190-9457
592959,Avram Allison,(980) 848-1968
264698,Neve Schroeder,(422) 506-3020
380266,Deborah Burke,(243) 149-0165
593385,Yoshio Price,(333) 932-7340
696745,Shana Blake,(425) 443-6574
783683,Lionel Hansen,(128) 373-9610
460456,Tamara Pickett,(137) 592-3764
270424,Iliana Bright,(290) 348-5552
822685,Kirsten Huff,(122) 397-7192
195175,Jana Thornton,(285) 490-1904
700542,Robert Callahan,(547) 450-7634
514436,Lyle Ward,(727) 323-5701
702132,Kenneth Shields,(797) 592-1044
225562,Rashad Horn,(700) 605-2029
829007,Galvin Clarke,(891) 916-2747
146352,McKenzie Golden,(947) 381-2031
410528,Edward Harrington,(566) 207-9587
172220,Keefe Preston,(776) 685-1871
257038,Erasmus Stanley,(723) 670-2526
517467,Cooper Pennington,(276) 643-9737
549814,Quentin Terrell,(906) 619-1042
849776,Zeph Logan,(897) 137-3935
212155,Flavia Roy,(828) 955-2283
746014,Cade Fitzgerald,(491) 779-0230
822413,Vincent Webb,(675) 105-2213
865564,Lana Hunt,(520) 401-6574
230958,Zachary Allison,(628) 842-8376
590334,Stacy Montoya,(601) 750-2883
646048,Leslie Stewart,(397) 299-1609
241894,Wyatt Soto,(496) 923-2156
216541,Jemima Melendez,(823) 615-7195
658075,Len Fox,(689) 140-7337
513530,Conan Holder,(645) 234-5542
187214,Kylynn Delgado,(152) 122-9009
168631,John Becker,(777) 245-8491
787228,Barrett Tanner,(479) 944-3204
773188,Oliver Gonzalez,(877) 219-3426
565720,Rama Meyers,(212) 439-7113
656019,Ryder Vincent,(444) 433-4681
461139,Emily Ray,(347) 191-1668
602135,Brynn Washington,(237) 338-8396
380179,Dennis Woodward,(438) 572-7404
634173,Chester Kelly,(517) 463-4432
179741,Jameson Savage,(858) 127-3469
307482,Armando Knight,(873) 989-4352
750190,Felix Dejesus,(503) 973-0562
886536,Jeremy Pugh,(502) 423-6907
425694,Evangeline Casey,(788) 864-7408
111175,Deacon Kinney,(667) 855-7970
796899,Kylee Reed,(575) 982-3149
476146,Kennan Miranda,(254) 206-2068
591413,Zachery Burnett,(430) 310-5188
306010,Keegan Mercado,(592) 780-2298
659489,Bevis Parker,(878) 676-7025
499639,Venus Alston,(691) 667-4956
385053,Shellie Jensen,(800) 517-7378
621896,Tucker Howell,(958) 478-6477
860064,Katell Lloyd,(964) 357-5804
890049,Kyra Whitehead,(655) 902-2154
574801,Burke Keith,(409) 611-9914
656122,Joel Maynard,(779) 698-9164
254928,Bert Benjamin,(245) 128-3627
833271,Aquila Carter,(747) 503-0470
761711,Adena Everett,(404) 751-1111
783749,Lionel Wong,(640) 826-1743
325927,Autumn Delaney,(389) 351-8282
276866,Tasha Massey,(733) 812-5127
246928,Martena Green,(161) 312-0211
462865,Celeste Booth,(378) 160-3448
682763,Claire Wright,(329) 934-4715
488735,Vanna Bender,(232) 365-8478
292534,Phyllis Macdonald,(427) 377-4383
244201,Brendan Gamble,(857) 724-5009
743181,Drew Sloan,(815) 654-9769
597094,Kirestin Olson,(570) 110-0456
586834,Sandra Stephens,(556) 338-5444
389976,Fay Bentley,(229) 659-5339
712718,Tasha Ayala,(513) 781-6920
698452,Marah Mack,(956) 907-3940
248223,Murphy Sullivan,(202) 298-3702
314343,Ryan Campos,(649) 274-9870
767039,Len Rivera,(993) 920-1850
877280,Grant Padilla,(408) 542-7284
166526,Hyatt Meyers,(662) 834-7838
815418,Nerea Neal,(556) 499-5688
499261,Nero Nicholson,(351) 866-3515
402888,Marah David,(157) 861-2136
784193,Myra Bryant,(493) 273-6591
470314,Brennan Church,(730) 942-6975
796875,Stuart Fernandez,(872) 265-4249
371418,Amos Alvarado,(305) 940-4534
469454,Bert Harvey,(279) 232-2142
506916,Knox Garcia,(184) 470-7431
243728,Urielle Harrell,(386) 787-9207
216208,Ursula Gallegos,(585) 660-0455
370900,Tarik Buck,(710) 394-4145
305247,Bryar Frank,(349) 712-5965
274534,Zane Bradley,(435) 733-5861
437043,Alyssa Luna,(957) 266-9493
378310,Rina Byrd,(715) 736-0102
812204,Jolene Beasley,(109) 348-1782
780268,Scott Snyder,(725) 369-7975
263902,Chanda Hatfield,(677) 971-0155
201578,Michelle Lane,(848) 731-4941
796522,Bert Hopper,(821) 297-7336
151262,Wing Hull,(848) 430-9467
319407,Alana Mann,(175) 472-0599
889276,Alma Matthews,(601) 919-5157
280708,Kirsten Daugherty,(104) 977-4773
301147,Ferris Cabrera,(178) 903-0487
764767,Daniel Barrett,(164) 300-9857
680867,Quincy Miranda,(125) 590-0144
367179,Paula Mejia,(985) 938-2759
834953,Drew Acevedo,(749) 166-7046
586606,Dana Tran,(401) 347-4215
463207,Imelda Warner,(905) 512-5476
647917,Hayfa Martin,(219) 689-7836
690891,Derek Mcdaniel,(678) 903-8055
168152,Nora Holland,(462) 754-4028
393970,Bo Durham,(516) 466-4197
318011,Casey York,(736) 302-9278
835196,Tobias Schultz,(930) 599-1291
511428,Sage Conway,(540) 844-7415
835965,Destiny Roach,(402) 127-2433
538181,Raymond Pierce,(544) 780-8869
354878,Michael Barry,(914) 669-1109
657913,Otto Hartman,(507) 105-9441
670968,Marsden Wiley,(462) 859-2768
631645,Brady Hebert,(911) 913-5344
529552,Idona Mann,(692) 680-1854
293320,Evangeline Tucker,(214) 456-0889
267547,Shafira Drake,(729) 615-9040
529165,Caleb Bryant,(941) 159-9503
897209,Leigh Dunn,(583) 717-4182
807329,Octavia Hines,(585) 317-3813
268349,Veronica Guerrero,(982) 371-5901
494266,Alexandra Webb,(330) 445-8757
465688,Jarrod Higgins,(605) 593-4771
776293,Damon Wong,(635) 723-4083
628990,Lenore Fox,(223) 254-0070
296331,Adrienne Cochran,(845) 472-1213
119931,Addison Meyers,(436) 639-5912
514989,Nayda Goodman,(444) 998-4686
649516,Josephine Sandoval,(219) 849-6112
808178,Kendall Cannon,(258) 287-9073
375867,Nehru Gregory,(924) 850-1322
764512,Lunea Hendrix,(777) 483-9912
188202,Martena Nieves,(208) 140-7480
530268,Aline Manning,(802) 375-4571
480729,Dahlia Riley,(462) 882-3861
136824,Ray Rocha,(853) 972-7031
488550,Nissim Bond,(522) 763-6969
738755,Scott Rocha,(685) 545-3095
459009,Gemma Perry,(150) 136-3196
647161,Cara Morin,(817) 136-9474
761574,Zoe Cherry,(713) 838-1147
388288,Gannon Duffy,(966) 821-3651
745986,Ora Sherman,(907) 997-7910
498002,Michelle Medina,(931) 579-8807
588204,Hillary Dalton,(932) 883-2145
890043,Harriet Huff,(458) 847-7421
214810,Ian Woodard,(749) 991-6814
282539,Karly Burke,(678) 175-5127
774201,Sean Strickland,(236) 576-3305
343721,Macey Mckenzie,(599) 184-6757
810672,Sierra Parsons,(122) 122-3157
448204,Dean Day,(279) 446-9385
269176,Cara Cross,(541) 843-1006
756463,Renee Norton,(761) 810-4277
806176,Aline Avery,(958) 677-8933
855602,Delilah Mercer,(359) 812-5856
813493,Candace York,(275) 572-0586
478186,Tarik Guerrero,(358) 877-2866
680538,Austin Jacobson,(461) 908-9390
810497,Zoe Owens,(193) 432-3593
874051,Quintessa Gutierrez,(282) 629-9168
195831,Glenna Chandler,(203) 416-0872
520114,Katell Bowman,(570) 333-5052
128536,Silas Mack,(355) 467-4185
517209,Phelan Greer,(194) 337-6196
730984,Shea Hopkins,(743) 876-6775
736400,Deirdre Burton,(900) 396-5002
784788,Skyler Nguyen,(427) 616-2291
409365,Desiree Soto,(642) 198-4870
642209,Quinn Whitfield,(653) 623-2541
222058,Neil Ramirez,(790) 103-5697
310207,Avram Fowler,(521) 263-5942
104960,Montana Mcdowell,(119) 920-0226
770899,Lars Pratt,(418) 943-4086
223435,Aspen Dyer,(539) 728-1914
820187,Kieran Meadows,(162) 751-6056
537846,Frances Acosta,(719) 128-0521
455602,Dieter Oneil,(442) 480-3120
121263,Julie Stephenson,(880) 668-1750
543258,Yoshio Norris,(113) 605-2704
568281,Gay Park,(326) 812-1709
803861,Ignatius House,(379) 339-9272
746313,Troy Rosa,(869) 313-7391
506890,Jin Mcgee,(532) 590-7099
545074,Acton Rhodes,(815) 931-7122
807959,Chastity Buck,(852) 217-1246
827653,Tanek Horn,(510) 900-5933
658070,Curran Warner,(735) 356-2032
136065,Jessica Fleming,(452) 453-3549
347765,Noah Craig,(341) 228-3773
603233,Mara Leon,(997) 866-3363
782743,Kerry Duran,(914) 550-2473
685626,Xyla Salazar,(702) 808-7539
279110,Buffy Dixon,(122) 701-6981
898785,Nero Powers,(966) 421-3356
576983,Mara Blankenship,(869) 236-2105
807278,Tamara Sharpe,(352) 137-0236
418365,Evan Perez,(789) 151-5399
894169,Boris Blair,(519) 976-3615
109027,Vernon Mckee,(633) 511-2690
373709,Marsden Sparks,(241) 589-5162
413288,Eden Rogers,(129) 142-5166
219064,Brennan Salinas,(661) 852-5638
219039,Lionel Barber,(653) 120-3977
108107,Amena Mckay,(368) 772-0911
531902,Noel Meadows,(712) 605-3448
888582,Richard Caldwell,(914) 595-5936
276882,Ryan Galloway,(593) 172-3834
758249,Jackson Olson,(156) 500-5825
865856,Nolan Kemp,(437) 728-4613
460076,Stacey Duffy,(151) 373-1194
782621,Uriah Mcdaniel,(639) 916-7616
109374,Emerson Santiago,(774) 704-0019
274352,Deborah Huber,(465) 575-0586
232559,Hiroko Long,(468) 914-3461
415888,Alika Bishop,(177) 524-8247
355218,Clinton Walter,(741) 190-4954
158765,McKenzie Bridges,(150) 481-8535
770293,Gail James,(550) 653-8640
755609,Tashya Barrera,(810) 514-6224
402849,Imani Sandoval,(485) 729-9511
201178,Geraldine Rose,(430) 731-9261
608344,James Hebert,(141) 473-3196
288365,Heidi Acosta,(929) 246-1999
665529,Debra Fernandez,(415) 379-6025
107163,Channing Branch,(462) 896-9456
800475,Yardley Savage,(288) 781-2286
622002,Leonard Shaw,(797) 182-9569
381532,Unity Holden,(905) 370-5983
737835,Kiayada Hoffman,(359) 563-3449
637898,Kylee Hale,(277) 172-1111
292249,Emily Nash,(478) 193-8334
267194,Conan Dennis,(709) 893-9149
756162,Wilma Lopez,(602) 655-1093
236606,Unity Mullins,(569) 949-7185
287732,Petra Prince,(797) 632-4488
620700,Stacy Norris,(794) 515-6634
209165,Jacob Frazier,(900) 283-4986
364998,Joseph Frederick,(664) 649-8938
416908,Otto Gaines,(466) 440-1130
662494,Levi Hickman,(536) 658-5828
690864,Tanek Pugh,(484) 623-1766
190671,Coby Huff,(639) 485-4989
856531,Xantha Kelly,(566) 450-6896
492624,Cassandra Banks,(146) 487-8676
161443,Hillary Dunn,(150) 166-5925
646349,Shad Blair,(468) 474-6711
726114,Zenia Maddox,(209) 293-3205
745737,Denton Donovan,(119) 465-1441
593207,Regina Porter,(590) 733-0700
204395,Jenette Alvarez,(589) 864-3207
784858,Noah Summers,(779) 322-6592
106232,Lysandra Blevins,(852) 410-2463
474383,Shaine Oconnor,(411) 245-7600
166381,Ivan Greene,(914) 235-0626
115864,Remedios Britt,(928) 646-0423
874082,Griffin Daniels,(427) 680-9191
245477,Hop Boone,(377) 815-5437
227467,Hayley Greer,(685) 379-1922
693135,Vincent Zimmerman,(519) 413-9584
207502,Abbot Bailey,(683) 533-1248
827222,Troy Hickman,(243) 388-1990
597143,Quintessa Forbes,(215) 493-8513
763235,Ora Heath,(179) 213-1513
751185,Liberty Cross,(545) 813-8985
613295,Reese Mcmillan,(826) 636-8962
263525,Hunter Britt,(760) 366-4464
549482,Tanek Wyatt,(550) 734-4559
117056,Casey Olsen,(161) 541-7173
368676,Talon Christensen,(912) 163-3534
225290,Rafael Simon,(127) 328-5695
495223,Mia Curtis,(705) 574-8458
262197,Nola Mcclain,(714) 640-1928
690012,Shaeleigh Wilder,(558) 742-2835
224175,Doris Perez,(883) 945-5400
440467,Uriah Russell,(694) 354-3291
830514,Akeem Mills,(536) 198-1037
812706,Patience Soto,(545) 196-7132
379419,Philip Estes,(529) 610-8280
710534,Zia Pennington,(228) 567-6490
770073,Dieter Marks,(716) 871-4876
186898,Gregory Mccoy,(168) 753-1776
298928,Dane Sykes,(307) 992-6912
727049,Jacob Delaney,(904) 842-0485
354340,Noelani Byers,(516) 746-7877
647644,Roanna Workman,(131) 618-8494
215591,Deborah Larson,(632) 455-4077
139746,Marah Brady,(507) 570-0546
410992,Brenden Cain,(127) 154-2314
299266,Lysandra Terry,(995) 672-0707
351883,Mara Burnett,(383) 361-3869
845905,Zeus Sanchez,(200) 558-2729
311486,Brady Santana,(729) 891-2670
390860,Jonah Hartman,(568) 300-3853
530603,Steel Richmond,(605) 605-1612
476860,Thane Raymond,(401) 871-0073
272363,Wilma Church,(366) 724-1823
642772,Graiden Douglas,(935) 730-4743
236936,Caesar Kemp,(785) 579-4522
515043,MacKensie Young,(896) 257-3794
618283,Margaret Weeks,(493) 827-5169
686694,Rosalyn Cook,(405) 404-5035
849784,Zelda Decker,(232) 890-1971
522780,Gisela Workman,(142) 997-8627
542323,Odysseus Crawford,(387) 733-8188
531266,Henry Green,(571) 832-1745
301225,Blaine Vincent,(202) 965-8875
838860,Elizabeth Holder,(233) 346-8812
776086,Jane Vaughn,(757) 991-0449
169699,Jillian James,(501) 337-7345
193084,Samuel Pope,(822) 623-8504
350559,Kennan Roach,(386) 315-0827
850149,Mira Curry,(243) 604-7468
543494,Isaiah Oneal,(827) 756-4045
496359,Hanna Cook,(585) 932-5194
256946,Barry Porter,(957) 238-5824
343633,Nelle Perkins,(734) 797-8620
481112,Adrian Charles,(303) 504-8831
793149,Sybill Maxwell,(973) 585-1011
774475,Larissa Howard,(296) 920-1157
480725,Gabriel Murphy,(568) 274-4775
659610,Sawyer Drake,(883) 132-9997
591392,Amena Larsen,(663) 372-4049
281086,Isabelle Conner,(833) 440-3331
441761,Brian Buchanan,(264) 746-9480
678954,Cally Nieves,(191) 999-2869
597397,Paul Burgess,(277) 315-7569
692839,Dane Payne,(785) 487-8368
471475,Deacon Haley,(239) 375-2980
591816,Carson Carr,(369) 713-0212
781786,Nasim Key,(575) 213-3937
209837,Xyla Martin,(313) 374-6937
843167,Ciaran English,(999) 881-7280
881394,Dexter Cobb,(579) 162-6844
363581,Ebony Montgomery,(356) 476-8820
420089,Mercedes Campos,(593) 346-9760
186976,Kiayada Combs,(240) 369-5419
713799,Shelly Mccoy,(651) 402-9990
139525,Cameron Gross,(463) 947-5923
278222,Lareina Carney,(126) 248-0116
535927,Marshall Hendrix,(334) 914-3947
857511,Roth Mccarthy,(907) 540-2556
371127,Russell Christian,(537) 167-4230
663864,Andrew Park,(343) 503-3875
584336,Latifah Cantu,(588) 996-0388
504951,Xyla Dickson,(633) 701-5835
704758,Richard Jarvis,(938) 960-1281
176341,Dustin Johnson,(675) 355-6623
319061,Rosalyn Best,(819) 778-1753
255306,Hillary Stephenson,(635) 704-4779
765482,Helen Alston,(548) 932-6266
539961,Kim Quinn,(519) 858-3408
469656,Baker Bender,(720) 528-9553
425559,Michael Mack,(734) 956-5915
554610,Nehru Robinson,(518) 646-6797
177574,Daphne Austin,(831) 701-2306
723115,Uriel Whitley,(320) 694-9001
160620,Faith Rocha,(367) 578-6933
813110,Luke Carney,(709) 149-5685
721899,Colleen Reilly,(855) 363-7841
588951,Shaeleigh Anthony,(580) 976-8176
752461,Imogene Rodgers,(663) 422-2455
472605,Courtney Clarke,(923) 524-4837
286541,Kim Rivers,(892) 220-4445
808981,Quinn Perry,(830) 659-3389
395130,Hammett Holt,(238) 510-6052
401253,Herman Atkins,(191) 757-8257
238548,Madonna Conrad,(844) 660-2121
495323,Felicia Bates,(938) 271-7281
338550,Alec Jones,(282) 761-8081
326511,Amos Perez,(507) 541-9335
167250,Kay Johnston,(497) 287-9782
896883,Lester Massey,(779) 408-2812
668794,Barry Norman,(282) 492-9185
316914,Magee Logan,(765) 406-7807
551230,Asher Erickson,(984) 683-5934
428878,Cadman Rodriguez,(929) 189-3988
211037,Marny Cherry,(216) 680-5335
348961,Steel Peck,(136) 676-9097
458472,Nina Russo,(626) 698-3641
773125,Martina Chapman,(294) 839-6794
594456,Lance Douglas,(604) 754-6291
637308,Hayes Oneil,(592) 936-6472
295022,Macaulay Mckenzie,(152) 935-1816
714055,Yael Shepard,(186) 340-1951
102535,Hadassah Huffman,(780) 907-7089
278775,Nathaniel Gomez,(308) 459-4044
823825,Zachary Shields,(207) 192-2915
863112,Evan Goodwin,(623) 433-5364
743847,Patrick Hampton,(339) 851-5746
886400,Lilah Finley,(552) 995-6136
749672,Igor Ortiz,(611) 797-6205
354448,Paki Frost,(693) 392-3595
854136,Jasper Blake,(722) 976-3976
629284,Hunter Gonzales,(899) 868-0427
533413,Constance Colon,(323) 266-2456
515812,Xavier Serrano,(536) 226-1957
276502,Delilah Phelps,(474) 570-7406
455350,Brenden Reynolds,(920) 995-1434
818299,Amery Joyner,(141) 432-5048
734264,Germane Alvarado,(835) 439-6907
250655,Jenna Ingram,(118) 645-2641
397629,Carl Medina,(704) 916-9129
391827,Eve Bentley,(218) 866-3884
727082,Hillary Hutchinson,(739) 941-6807
508648,Sopoline Carver,(218) 462-3707
551033,Kathleen Moses,(294) 618-4421
735177,Wynter Hull,(987) 667-5459
251368,Fuller Dale,(339) 857-7292
711064,Joelle Woodard,(801) 664-4055
407903,Donna Knox,(185) 725-0952
692787,Cruz Crosby,(679) 774-7438
710567,Kylan Soto,(179) 977-5321
796539,Dante Pope,(422) 601-0983
401853,Sebastian Hendricks,(918) 160-7806
613493,Charlotte Barrett,(376) 277-6038
544950,Daphne Atkinson,(124) 704-6947
762959,Gabriel Daniels,(222) 496-6982
176525,Zahir Valdez,(720) 760-2592
718615,Leandra Chapman,(247) 872-5265
478159,Nicole Vinson,(709) 236-3655
383964,Dane Gonzales,(247) 885-3568
161657,Eric Maxwell,(265) 533-5608
614991,Amos Oconnor,(252) 473-5275
844586,April Brown,(268) 738-7544
763691,Damian Lindsey,(936) 881-8072
728396,Clare Zimmerman,(358) 724-9742
843202,Mari Hanson,(606) 920-2561
508811,Vincent Cantrell,(106) 476-6609
357135,Astra Griffin,(141) 133-4767
532681,Jorden Garrett,(880) 274-8413
244117,Hermione Dotson,(543) 312-7513
266142,Timothy Sexton,(163) 456-2663
628447,Amela Kirkland,(975) 434-4908
555905,Haviva Berg,(883) 427-0869
250800,McKenzie Whitehead,(735) 288-8500
895879,Mary Buchanan,(912) 549-4367
689291,Lavinia Mays,(498) 472-6725
453919,Vladimir Hyde,(556) 824-2081
730711,Clark Maldonado,(714) 158-9843
428708,Rhiannon Talley,(260) 299-6155
836941,Derek Bowman,(588) 177-8844
156843,Doris Daugherty,(105) 450-8840
178944,Kiayada Bush,(772) 888-3870
533174,Lacey Brooks,(535) 131-6767
533334,David Tyson,(842) 456-2865
781476,Jeanette Wilkerson,(309) 352-2380
